UserID,online_proba,predicted_online
U9,0.9684915012283717,True
U22405,0.8228638419448523,True
U16,0.3788158780458984,False
U48420,0.9933901956519504,True
